sample,sample_label,relation,n_clusters,quality_counts,x_error_fallback_clusters,mass_error_fallback_clusters,y_error_fallback_clusters,alpha,alpha_err_lo,alpha_err_hi,beta,beta_err_lo,beta_err_hi,gamma,gamma_err_lo,gamma_err_hi,intrinsic_scatter_dex,scatter_err_lo,scatter_err_hi,observed_rms_dex,model,self_similar_beta,self_similar_gamma
all,all fitted clusters,Lx-M500,23,"{""acceptable"": 4, ""bad"": 5, ""good"": 11, ""high"": 3}",,,Abell_0068;Abell_0697;Abell_0750;MACSJ0647.7+7015;MS2137-2353;RXJ1347.5-1145,0.7207184960683964,0.18410101566190995,0.159857751442105,1.213131135823354,0.32049682402304736,0.3659736533698037,2.0,0.0,0.0,0.17154065747255162,0.03838761558860887,0.0455773375030738,0.21882065596382122,log10(Y / E(z)^gamma_fixed) = alpha + beta*log10(X / X_pivot),1.3333333333333333,2.0
all,all fitted clusters,Tx-M500,23,"{""acceptable"": 4, ""bad"": 5, ""good"": 11, ""high"": 3}",,,Abell_0750;MS2137-2353,0.7116796840426384,0.2414854010448924,0.1971816224456583,0.5578987516650225,0.4197046041057927,0.5028085265405986,0.6666666666666666,0.0,0.0,0.2883487775078641,0.04169125619737574,0.05153731344222934,0.2591517578728902,log10(Y / E(z)^gamma_fixed) = alpha + beta*log10(X / X_pivot),0.6666666666666666,0.6666666666666666
all,all fitted clusters,Lx-Tx,23,"{""acceptable"": 4, ""bad"": 5, ""good"": 11, ""high"": 3}",Abell_0750;MS2137-2353,,Abell_0068;Abell_0697;Abell_0750;MACSJ0647.7+7015;MS2137-2353;RXJ1347.5-1145,1.1923756811510047,0.07473811309193823,0.07931568021090585,0.5332519331646343,0.19269101569454639,0.1856310494789042,1.0,0.0,0.0,0.2448822453607094,0.03854327776041572,0.04565221943131986,0.21874658655969956,log10(Y / E(z)^gamma_fixed) = alpha + beta*log10(X / X_pivot),2.0,1.0
exclude_bad,excluding bad/failed fits,Lx-M500,18,"{""acceptable"": 4, ""good"": 11, ""high"": 3}",,,Abell_0068;MACSJ0647.7+7015,0.7442519616314551,0.2258854583995381,0.21275017019463482,1.090585793148281,0.450900339997075,0.468816825913827,2.0,0.0,0.0,0.16496907636217378,0.03541111436259356,0.05089283914271597,0.19834827798732957,log10(Y / E(z)^gamma_fixed) = alpha + beta*log10(X / X_pivot),1.3333333333333333,2.0
exclude_bad,excluding bad/failed fits,Tx-M500,18,"{""acceptable"": 4, ""good"": 11, ""high"": 3}",,,,0.65376314920618,0.11263833226052489,0.11631829608853317,0.5050887582944424,0.25153326915873625,0.2363097396291972,0.6666666666666666,0.0,0.0,0.11552914481682658,0.023623195283709292,0.03079577053142829,0.11289468581417623,log10(Y / E(z)^gamma_fixed) = alpha + beta*log10(X / X_pivot),0.6666666666666666,0.6666666666666666
exclude_bad,excluding bad/failed fits,Lx-Tx,18,"{""acceptable"": 4, ""good"": 11, ""high"": 3}",,,Abell_0068;MACSJ0647.7+7015,1.1447525487076535,0.1124491226549118,0.11690755944569742,0.7690052280175235,0.4330044082124109,0.4566119416009169,1.0,0.0,0.0,0.22670437949486277,0.040406235767148885,0.051144748152691655,0.1972924678049747,log10(Y / E(z)^gamma_fixed) = alpha + beta*log10(X / X_pivot),2.0,1.0
good_only,quality=good only,Lx-M500,11,"{""good"": 11}",,,,1.0549571396828672,0.3578475090184994,0.2940483061061303,0.5062739256772322,0.6116226110836513,0.7137951974457664,2.0,0.0,0.0,0.2274141488444213,0.05829658620675926,0.08242581921594055,0.187076378961774,log10(Y / E(z)^gamma_fixed) = alpha + beta*log10(X / X_pivot),1.3333333333333333,2.0
good_only,quality=good only,Tx-M500,11,"{""good"": 11}",,,,0.6478589409755602,0.10987213857020539,0.10208903933309876,0.4332990950991701,0.20715749914269765,0.2258950044262068,0.6666666666666666,0.0,0.0,0.07108253557121022,0.025540231130108067,0.03357051962549118,0.059652756646525446,log10(Y / E(z)^gamma_fixed) = alpha + beta*log10(X / X_pivot),0.6666666666666666,0.6666666666666666
good_only,quality=good only,Lx-Tx,11,"{""good"": 11}",,,,1.1407660985428598,0.19594144923770707,0.19480688703180737,1.1663018501924083,0.9315037180513406,0.8954850994878254,1.0,0.0,0.0,0.2310786402055231,0.05043534796231666,0.0900013488890214,0.17783182948412612,log10(Y / E(z)^gamma_fixed) = alpha + beta*log10(X / X_pivot),2.0,1.0
