cluster_key,cluster_name,ra_deg,dec_deg,redshift,m500_input,m500_unit,m500_physical_msun_h70,obsids,aliases,center_source,redshift_mass_source
Abell_383,Abell 383,42.01413120,-3.52923000,0.1870,5.880000e+14,Msun,5.880000e+14,524;2320;2321,ACO 383; ABELL 383; Abell 0383,chandra_data_evt/manifest.csv Sesame-resolved center,CLASH Table 1 z and Umetsu et al. CLASH lensing M500c Table 3
Abell_209,Abell 209,22.97030000,-13.61470000,0.2060,9.640000e+14,Msun,9.640000e+14,3579;522,ACO 209; ABELL 209; Abell 0209,chandra_data_evt/manifest.csv Sesame-resolved center,CLASH Table 1 z and Umetsu et al. CLASH lensing M500c Table 3
Abell_2261,Abell 2261,260.61200000,32.13280000,0.2240,1.565000e+15,Msun,1.565000e+15,550;20413;21960;5007,ACO 2261; ABELL 2261,chandra_data_evt/manifest.csv Sesame-resolved center,CLASH Table 1 z and Umetsu et al. CLASH lensing M500c Table 3
RXJ2129_7_0005,RXJ2129.7+0005,322.41875000,0.09638889,0.2340,4.480000e+14,Msun,4.480000e+14,9370;552,RX J2129.7+0005; RXCJ2129.7+0005,chandra_data_evt/manifest.csv Sesame-resolved center,CLASH Table 1 z and Umetsu et al. CLASH lensing M500c Table 3
Abell_611,Abell 611,120.24458333,36.04694444,0.2880,1.073000e+15,Msun,1.073000e+15,3194,ACO 611; ABELL 611; Abell 0611,chandra_data_evt/manifest.csv Sesame-resolved center,CLASH Table 1 z and Umetsu et al. CLASH lensing M500c Table 3
MS2137_2353,MS2137-2353,325.05333333,-23.65750000,0.3130,8.280000e+14,Msun,8.280000e+14,4974;5250;928,MS 2137-2353; MS 2137.3-2353,chandra_data_evt/manifest.csv Sesame-resolved center,CLASH Table 1 z and Umetsu et al. CLASH lensing M500c Table 3
RXJ2248_7_4431,RXJ2248.7-4431,342.18900000,-44.52820000,0.3480,1.245000e+15,Msun,1.245000e+15,18611;18818;4966,RXCJ2248.7-4431; Abell S1063; AS1063,chandra_data_evt/manifest.csv Sesame-resolved center,CLASH Table 1 z and Umetsu et al. CLASH lensing M500c Table 3
MACSJ1115_9_0129,MACSJ1115.9+0129,168.96626000,1.49863000,0.3520,1.067000e+15,Msun,1.067000e+15,9375;3275,MACS J1115.9+0129; MACS J1115.8+0129,chandra_data_evt/manifest.csv Sesame-resolved center,CLASH Table 1 z and Umetsu et al. CLASH lensing M500c Table 3
MACSJ1931_8_2635,MACSJ1931.8-2635,292.95000000,-26.58333300,0.3520,1.051000e+15,Msun,1.051000e+15,9382;3282,MACS J1931.8-2634; MACS J1931.8-2635,chandra_data_evt/manifest.csv Sesame-resolved center,CLASH Table 1 z and Umetsu et al. CLASH lensing M500c Table 3
RXJ1532_9_3021,RXJ1532.9+3021,233.22408200,30.34983600,0.3630,4.170000e+14,Msun,4.170000e+14,14009;1649;1665,RX J1532.9+3021,chandra_data_evt/manifest.csv Sesame-resolved center,CLASH Table 1 z and Umetsu et al. CLASH lensing M500c Table 3
MACSJ1720_3_3536,MACSJ1720.3+3536,260.06989000,35.60736000,0.3910,9.960000e+14,Msun,9.960000e+14,3280;6107;7225;7718,MACS J1720.3+3536,chandra_data_evt/manifest.csv Sesame-resolved center,CLASH Table 1 z and Umetsu et al. CLASH lensing M500c Table 3
MACSJ0429_6_0253,MACSJ0429.6-0253,67.39980000,-2.88505800,0.3990,6.850000e+14,Msun,6.850000e+14,3271,MACS J0429.6-0253,chandra_data_evt/manifest.csv Sesame-resolved center,CLASH Table 1 z and Umetsu et al. CLASH lensing M500c Table 3
MACSJ1206_2_0847,MACSJ1206.2-0847,181.54991000,-8.80001000,0.4400,1.224000e+15,Msun,1.224000e+15,3277;20544;20929;21078;21079;21081,MACS J1206.2-0847,chandra_data_evt/manifest.csv Sesame-resolved center,CLASH Table 1 z and Umetsu et al. CLASH lensing M500c Table 3
MACSJ0329_7_0211,MACSJ0329.7-0211,52.42000000,-2.19833300,0.4500,6.510000e+14,Msun,6.510000e+14,3582;6108;7719;3257,MACS J0329.7-0211,chandra_data_evt/manifest.csv Sesame-resolved center,CLASH Table 1 z and Umetsu et al. CLASH lensing M500c Table 3
RXJ1347_5_1145,RXJ1347.5-1145,206.87700000,-11.75190000,0.4510,2.233000e+15,Msun,2.233000e+15,3592;13999;14407;506;507;2222;13516,RX J1347.5-1145; RXCJ1347.5-1145,chandra_data_evt/manifest.csv Sesame-resolved center,CLASH Table 1 z and Umetsu et al. CLASH lensing M500c Table 3
MACSJ0744_9_3927,MACSJ0744.9+3927,116.21862500,39.45759400,0.6860,1.194000e+15,Msun,1.194000e+15,3197;6111;3585,MACS J0744.9+3927,chandra_data_evt/manifest.csv Sesame-resolved center,CLASH Table 1 z and Umetsu et al. CLASH lensing M500c Table 3
MACSJ0416_1_2403,MACSJ0416.1-2403,64.03848800,-24.06887100,0.3960,6.850000e+14,Msun,6.850000e+14,16236;16237;16523;17313;10446;16304,MACS J0416.1-2403,chandra_data_evt/manifest.csv Sesame-resolved center,CLASH Table 1 z and Umetsu et al. CLASH lensing M500c Table 3
MACSJ1149_5_2223,MACSJ1149.5+2223,177.39622100,22.40303900,0.5440,1.457000e+15,Msun,1.457000e+15,1656;3589;16306;16582;16238;16239;17595;17596,MACS J1149.5+2223,chandra_data_evt/manifest.csv Sesame-resolved center,CLASH Table 1 z and Umetsu et al. CLASH lensing M500c Table 3
MACSJ0717_5_3745,MACSJ0717.5+3745,109.37886200,37.75826100,0.5480,1.498000e+15,Msun,1.498000e+15,4200;16235;16305;1655,MACS J0717.5+3745,chandra_data_evt/manifest.csv Sesame-resolved center,CLASH Table 1 z and Umetsu et al. CLASH lensing M500c Table 3
MACSJ0647_7_7015,MACSJ0647.7+7015,101.96028800,70.24859700,0.5840,9.490000e+14,Msun,9.490000e+14,3584;3196,MACS J0647.7+7015,chandra_data_evt/manifest.csv Sesame-resolved center,CLASH Table 1 z and Umetsu et al. CLASH lensing M500c Table 3
Abell_0068,Abell 0068,9.27583333,9.15916667,0.2546,4.780000e+14,h^-1 Msun,6.828571e+14,3250,Abell 68; ABELL0068; ABELL 68; ACO 68,chandra_data_evt/manifest.csv Sesame-resolved center,LoCuSS notes in clusters_Xray.md for lensing M500; ACCEPT page for z/NH
Abell_2813,Abell 2813,10.84520000,-20.62260000,0.2924,5.900000e+14,h^-1 Msun,8.428571e+14,16278;9409;15093;15094;15095;16366;16491;16513,ABELL2813; ABELL 2813; ACO 2813,chandra_data_evt/manifest.csv Sesame-resolved center,LoCuSS notes in clusters_Xray.md for lensing M500; ACCEPT page for z/NH
Abell_0115,Abell 0115,13.99500000,26.38700000,0.1952,3.770000e+14,h^-1 Msun,5.385714e+14,13458;13459;15578;15581;3233,Abell 115; ABELL0115; ABELL 115; ACO 115,chandra_data_evt/manifest.csv Sesame-resolved center,LoCuSS notes in clusters_Xray.md for lensing M500; ACCEPT page for z/NH
Abell_0141,Abell 0141,16.40492800,-24.68054100,0.2300,3.190000e+14,h^-1 Msun,4.557143e+14,9410;26070;26092;26093;26094;26095;27465;27466,Abell 141; ABELL0141; ABELL 141; ACO 141,chandra_data_evt/manifest.csv Sesame-resolved center,LoCuSS notes in clusters_Xray.md for lensing M500; ACCEPT page for z/NH
Abell_0209,Abell 0209,22.97030000,-13.61470000,0.2060,8.640000e+14,h^-1 Msun,1.234286e+15,3579;522,Abell 209; ABELL0209; ABELL 209; ACO 209,chandra_data_evt/manifest.csv Sesame-resolved center,LoCuSS notes in clusters_Xray.md for lensing M500; ACCEPT page for z/NH
Abell_0267,Abell 0267,28.17923333,0.99969444,0.2300,3.920000e+14,h^-1 Msun,5.600000e+14,3580;523;1448;1517,Abell 267; ABELL0267; ABELL 267; ACO 267,chandra_data_evt/manifest.csv Sesame-resolved center,LoCuSS notes in clusters_Xray.md for lensing M500; ACCEPT page for z/NH
Abell_0383,Abell 0383,42.01413120,-3.52923000,0.1870,3.640000e+14,h^-1 Msun,5.200000e+14,524;2320;2321,Abell 383; ABELL0383; ABELL 383; ACO 383,chandra_data_evt/manifest.csv Sesame-resolved center,LoCuSS notes in clusters_Xray.md for lensing M500; ACCEPT page for z/NH
Abell_0521,Abell 0521,73.53583333,-10.24416667,0.2533,3.770000e+14,h^-1 Msun,5.385714e+14,12880;13190;901;430,Abell 521; ABELL0521; ABELL 521; ACO 521,chandra_data_evt/manifest.csv Sesame-resolved center,LoCuSS notes in clusters_Xray.md for lensing M500; ACCEPT page for z/NH
Abell_0586,Abell 0586,113.08458333,31.63277778,0.1710,5.040000e+14,h^-1 Msun,7.200000e+14,18278;18279;19961;19962;19963;20003;20004;11723;530,Abell 586; ABELL0586; ABELL 586; ACO 586,chandra_data_evt/manifest.csv Sesame-resolved center,LoCuSS notes in clusters_Xray.md for lensing M500; ACCEPT page for z/NH
Abell_0611,Abell 0611,120.24458333,36.04694444,0.2880,6.370000e+14,h^-1 Msun,9.100000e+14,3194,Abell 611; ABELL0611; ABELL 611; ACO 611,chandra_data_evt/manifest.csv Sesame-resolved center,LoCuSS notes in clusters_Xray.md for lensing M500; ACCEPT page for z/NH
Abell_0697,Abell 0697,130.74000000,36.36250000,0.2820,1.314000e+15,h^-1 Msun,1.877143e+15,532;4217,Abell 697; ABELL0697; ABELL 697; ACO 697,chandra_data_evt/manifest.csv Sesame-resolved center,LoCuSS notes in clusters_Xray.md for lensing M500; ACCEPT page for z/NH
ZwCl_0857_9_2107,ZwCl 0857.9+2107,135.16250000,20.92138900,0.2350,5.590000e+14,h^-1 Msun,7.985714e+14,10463;7897,ZwCl0857.9+2107,chandra_data_evt/manifest.csv Sesame-resolved center,LoCuSS notes in clusters_Xray.md for lensing M500; ACCEPT page for z/NH
Abell_0750,Abell 0750,137.27791667,11.03000000,0.1630,3.170000e+14,h^-1 Msun,4.528571e+14,7699;924,Abell 750; ABELL0750; ABELL 750; ACO 750,chandra_data_evt/manifest.csv Sesame-resolved center,LoCuSS notes in clusters_Xray.md for lensing M500; ACCEPT page for z/NH
