cluster_key,config_key,cluster_name,z,nH_1e22,M500_1e14_msun,R500_arcsec,R500_Mpc,Tx_keV,Tx_err_lo,Tx_err_hi,abundance_solar,apec_norm,Lx_bol_1e44_erg_s,Lx_soft_1e44_erg_s,flux_bol_1e12_erg_s_cm2,rstat,qval,dof,n_src_spec,n_ann_spec,R_EM,annulus_rstat,accept_Tx_keV,accept_Lx_1e44_erg_s,ratio_Tx_accept,method,xrb_policy,abundance_policy,fit_band,qa_flags,quality,exclude_from_main_scaling,exclude_reason,spectral_status,status,pipeline_notes,result_json
Abell_0209,Abell_0209,Abell 0209,0.2060,0.0165,12.34286,451.1,1.5232,8.05366185506,-0.481946878522,0.535522601389,0.3,0.0118376198922,19.2169966535,5.49020367438,15.6515249907,0.932318114241,0.83990531666,431,1,1,0.0186315105363,1.12911530365,8.28,11,0.972664475249,blank_sky_XRB_heRenorm,fixed_shape,fixed,0.7-7,,good,False,,done,done,"T_X=8.05 (ACCEPT=8.28, 0.97x) rstat=0.93; blank-sky XRB fixed_shape",output/products/spectral/Abell_0209_results.json
Abell_0068,Abell_0068,Abell 0068,0.2546,0.0165,6.828571,310.1,1.2287,11.900070201,1.275,1.588,0.3,0.00691166467039,18.339677475,4.49580811142,9.25990027216,1.11759164845,0.0461434597761,430,1,1,0.001,1.02159386734,7.99,12.8,1.48937048823,blank_sky_XRB_heRenorm,flexible,fixed,0.7-7,,acceptable,False,,done,done,"T_X=11.90 (ACCEPT=7.99, 1.49x) rstat=1.12; blank-sky XRB flexible test; single ObsID limit; little change vs fixed_shape",output/products/spectral/Abell_0068_results.json
Abell_0267,Abell_0267,Abell 0267,0.2300,0.0165,5.6,315.8,1.1604,8.9009153216,-0.526082203425,0.578256475279,0.3,0.00653461911188,13.447839171,3.68066000776,8.54908404112,0.947193961081,0.778298309334,431,1,1,0.001,1.25859650992,6.79,8.7,1.31088590892,blank_sky_XRB_heRenorm,fixed_shape,fixed,0.7-7,,acceptable,False,,done,done,"T_X=8.90 (ACCEPT=6.79, 1.31x) rstat=0.95; blank-sky XRB",output/products/spectral/Abell_0267_results.json
Abell_0383,Abell_0383,Abell 0383,0.1870,0.0165,5.2,367.4,1.1496,4.72325203708,-0.0927431529364,0.0927431529364,0.3,0.00813373134603,9.08929821582,3.32975137789,9.18621030794,1.18650541536,3.46893913681e-06,1297,3,3,0.0578997270131,1.35412431264,3.93,5.39,1.20184530205,blank_sky_XRB_heRenorm,fixed_shape,fixed,0.7-7,,acceptable,False,,done,done,"T_X=4.72 (ACCEPT=3.93, 1.20x) rstat=1.19; blank-sky XRB; 3/3 ObsIDs; CALDB fixed",output/products/spectral/Abell_0383_results.json
Abell_0586,Abell_0586,Abell 0586,0.1710,0.0165,7.2,442.5,1.2885,8.10149561389,-0.35876643275,0.382488135919,0.3,0.0100545002593,11.4067789937,3.2666825908,14.0543570629,1.03687922318,0.21967695204,864,2,2,0.233509413361,3.22933658106,8.7,8.61,0.931206392401,blank_sky_XRB_heRenorm,fixed_shape,fixed,0.7-7,,good,False,,done,done,"T_X=8.10 (ACCEPT=8.70, 0.93x) rstat=1.04; blank-sky XRB; 2/9 ObsIDs; CALDB fixed",output/products/spectral/Abell_0586_results.json
Abell_0611,Abell_0611,Abell 0611,0.2880,0.0165,9.1,308.5,1.3356,12.8718858023,-0.840468204774,1.3134289779,0.3,0.00504419757854,17.1775059667,4.06900601868,6.54179726358,1.03577034793,0.29404202657,431,1,1,0.001,1.07458302377,6.69,10.9,1.9240486999,blank_sky_XRB_heRenorm,fixed_shape,fixed,0.7-7,,high,False,,done,done,"T_X=12.87 (ACCEPT=6.69, 1.92x) rstat=1.04; blank-sky XRB; ACIS-S single ObsID; CALDB fixed",output/products/spectral/Abell_0611_results.json
Abell_0697,Abell_0697,Abell 0697,0.2820,0.0165,18.77143,399.5,1.704,62.920783245,1.422,0.976,0.3,0.0129706893692,40.325981263,6.83980082851,16.1186055605,5.33592258477,0.9271,864,2,2,0.01,237.94707316,9.06,26.3,6.94489881291,blank_sky_XRB_heRenorm,fixed_shape,fixed,0.7-7,,bad,True,"T_X=62.92 (ACCEPT=9.06, 6.94x) rstat=5.34; full 2/2 ObsIDs failed; ObsID 532 drives poor fit; prefer prior 4217-only result for now",bad,done,"T_X=62.92 (ACCEPT=9.06, 6.94x) rstat=5.34; full 2/2 ObsIDs failed; ObsID 532 drives poor fit; prefer prior 4217-only result for now",output/products/spectral/Abell_0697_results.json
Abell_0750,Abell_0750,Abell 0750,0.1630,0.0165,4.528571,395.3,1.1071,6.51942952828,,,0.3,0.016405151431,15.9184646165,4.99931920415,21.7976997778,3.01881368387,1.2662033056e-173,861,2,2,0.0947985104805,1.26734246159,,N/A,,blank_sky_XRB_heRenorm,fixed_shape,fixed,0.7-7,,bad,True,T_X=6.52 rstat=3.02; blank-sky XRB; 2/2 ObsIDs; poor fit (early data); exclude from main scaling,bad,done,T_X=6.52 rstat=3.02; blank-sky XRB; 2/2 ObsIDs; poor fit (early data); exclude from main scaling,output/products/spectral/Abell_0750_results.json
Abell_2261,Abell_2261,Abell 2261,0.2240,0.0165,15.65,454.8,1.6381,8.3485772881,-0.298177952155,0.314703412788,0.3,0.0123256476552,23.7262383371,6.66959583669,16.0099720159,1.08283110419,0.11381783132,431,1,1,0.001,0.991565775517,7.58,17.6,1.10139542059,blank_sky_XRB_heRenorm,fixed_shape,fixed,0.7-7,,good,False,,done,done,"T_X=8.35 (ACCEPT=7.58, 1.10x) rstat=1.08; blank-sky XRB; partial ObsID (1/4)",output/products/spectral/Abell_2261_results.json
MACSJ0329.7-0211,MACSJ0329_7_0211,MACSJ0329.7-0211,0.4500,0.0165,6.51,195,1.1228,7.191112177,-0.263049593014,0.288821813859,0.3,0.00410911140703,27.5846966847,8.13592254057,3.69552001515,1.11526901932,0.00233068790788,1285,3,3,0.001,1.11965455602,6.85,13,1.0497973981,blank_sky_XRB_heRenorm,fixed_shape,fixed,0.7-7,low_q_value,good,False,,done,done,"T_X=7.19 (ACCEPT=6.85, 1.05x); blank-sky XRB; partial ObsID (3/4)",output/products/spectral/MACSJ0329_7_0211_results.json
MACSJ0429.6-0253,MACSJ0429_6_0253,MACSJ0429.6-0253,0.3990,0.0165,6.85,217.1,1.1649,6.43277926851,-0.342736604847,0.368270871217,0.3,0.00407514852452,21.1400783195,6.60477416617,3.76683132428,0.966895714569,0.679918036388,429,1,1,0.111969291148,1.08517343895,6.76,11.7,0.951594566348,blank_sky_XRB_heRenorm,fixed_shape,fixed,0.7-7,,good,False,,done,done,"T_X=6.43 (ACCEPT=6.76, 0.95x) rstat=0.97; blank-sky XRB",output/products/spectral/MACSJ0429_6_0253_results.json
MACSJ0647.7+7015,MACSJ0647_7_7015,MACSJ0647.7+7015,0.5840,0.0165,9.49,182.9,1.2075,16.7405492787,1.969,2.65,0.3,0.00318984649601,41.5394050317,8.52382725681,2.97455202089,1.14892656469,0.00154091862137,858,2,2,0.0242427503717,0.953317613396,9.07,26.7,1.84570554341,blank_sky_XRB_heRenorm,flexible,fixed,0.7-7,low_q_value,high,False,,done,done,"T_X=16.74 (ACCEPT=9.07, 1.85x) rstat=1.15; flexible XRB test; high Tx persists",output/products/spectral/MACSJ0647_7_7015_results.json
MACSJ0744.9+3927,MACSJ0744_9_3927,MACSJ0744.9+3927,0.6860,0.0165,11.94,176.6,1.2517,10.1500299426,-0.5553903381,0.601268692728,0.3,0.00271401932284,42.5247497745,10.4266825494,2.05791596792,1.0601508327,0.0658963210255,1283,3,3,0.00590171123171,1.02397813037,11.29,24.9,0.899028338586,blank_sky_XRB_heRenorm,fixed_shape,fixed,0.7-7,,good,False,,done,done,"T_X=10.15 (ACCEPT=11.29, 0.90x); blank-sky XRB",output/products/spectral/MACSJ0744_9_3927_results.json
MACSJ1115.9+0129,MACSJ1115_9_0129,MACSJ1115.9+0129,0.3520,0.0165,10.67,277.3,1.3749,8.92363300875,-0.525792568009,0.579232519121,0.3,0.00723286572366,33.3052538276,8.95655626265,7.96564155637,0.98279976421,0.591427446959,431,1,1,0.129258530873,1.3839817975,9.26,1.49,0.963675270923,blank_sky_XRB_heRenorm,fixed_shape,fixed,0.7-7,,good,False,,done,done,"T_X=8.92 (ACCEPT=9.26, 0.96x); blank-sky XRB",output/products/spectral/MACSJ1115_9_0129_results.json
MACSJ1206.2-0847,MACSJ1206_2_0847,MACSJ1206.2-0847,0.4400,0.0165,12.24,244.7,1.3913,12.3487808554,-0.363295142549,0.406587390658,0.3,0.00698959910965,52.5065865275,12.2428526742,7.42073557453,1.08372850654,0.00356964926027,2163,5,5,0.0435174193114,1.08927466936,7.88,37.3,1.56710416946,blank_sky_XRB_heRenorm,fixed_shape,fixed,0.7-7,,high,False,,done,done,"T_X=12.35 (ACCEPT=7.88, 1.57x) rstat=1.08; blank-sky XRB; rerun with 5/6 ObsIDs after CALDB/PFILES fix",output/products/spectral/MACSJ1206_2_0847_results.json
MACSJ1720.3+3536,MACSJ1720_3_3536,MACSJ1720.3+3536,0.3910,0.0165,9.96,249.8,1.3238,7.31651223319,-0.465964744119,0.495854563938,0.3,0.00445549637006,23.3812784041,6.8552066716,4.3700090584,1.10563887513,0.0640277459383,431,1,1,0.197639611235,1.02971128205,5.65,13.1,1.29495791738,blank_sky_XRB_heRenorm,fixed_shape,fixed,0.7-7,,acceptable,False,,done,done,"T_X=7.32 (ACCEPT=5.65, 1.30x); blank-sky XRB; partial ObsID (1/4)",output/products/spectral/MACSJ1720_3_3536_results.json
MACSJ1931.8-2635,MACSJ1931_8_2635,MACSJ1931.8-2635,0.3520,0.0165,10.51,275.9,1.368,7.38529988722,-0.334669825076,0.380465851435,0.3,0.00916194118338,39.8077161415,11.6490260398,9.52084015339,1.1096719471,0.0575879183164,430,1,1,0.109742851343,0.989914376392,7.5,23.4,0.984706651629,blank_sky_XRB_heRenorm,fixed_shape,fixed,0.7-7,,good,False,,done,done,"T_X=7.39 (ACCEPT=7.50, 0.99x); blank-sky XRB",output/products/spectral/MACSJ1931_8_2635_results.json
MS2137-2353,MS2137_2353,MS2137-2353,0.3130,0.0165,8.28,279.6,1.2822,54.5196002811,,,0.3,0.0122468806301,48.0322395682,8.16422120475,15.0960309876,15.5646926196,,864,2,2,0.0731734696362,4.78133435304,6.3,11.4,8.65390480652,blank_sky_XRB_heRenorm,fixed_shape,fixed,0.7-7,,bad,True,T_X=54.52 rstat=15.56; 4974+5250 only still failed; ObsID 928 blanksky moved to blanksky_disabled,bad,done,T_X=54.52 rstat=15.56; 4974+5250 only still failed; ObsID 928 blanksky moved to blanksky_disabled,output/products/spectral/MS2137_2353_results.json
RXJ1347.5-1145,RXJ1347_5_1145,RXJ1347.5-1145,0.4510,0.0165,22.33,293.5,1.6927,18.4418573751,0.565,0.586,0.3,0.016109943498,132.083923391,27.0300030605,17.6019626856,1.62522305869,2.55651057629e-94,3029,7,7,0.00963968862116,3.19987509316,10.88,101,1.6950236558,blank_sky_XRB_heRenorm,fixed_shape,fixed,0.7-7,low_q_value,bad,True,"T_X=18.44 (ACCEPT=10.88, 1.70x) rstat=1.63; full 7/7 ObsIDs worsens fit; annulus rstat=3.20",bad,done,"T_X=18.44 (ACCEPT=10.88, 1.70x) rstat=1.63; full 7/7 ObsIDs worsens fit; annulus rstat=3.20",output/products/spectral/RXJ1347_5_1145_results.json
RXJ1532.9+3021,RXJ1532_9_3021,RXJ1532.9+3021,0.3630,0.0165,4.17,197.9,1.001,5.86356755622,-0.278267288387,0.290582372314,0.3,0.00977091608722,41.1603540564,13.4946644734,9.16045126261,0.966671736849,0.679821148063,423,1,1,0.00676071665212,0.896662046776,5.44,21,1.07786168313,blank_sky_XRB_heRenorm,fixed_shape,fixed,0.7-7,,good,False,,done,done,"T_X=5.86 (ACCEPT=5.44, 1.08x); blank-sky XRB",output/products/spectral/RXJ1532_9_3021_results.json
RXJ2129.7+0005,RXJ2129_7_0005,RXJ2129.7+0005,0.2340,0.0165,4.48,289,1.0757,6.84390325425,-0.182649727483,0.195656007354,0.3,0.00951001147425,18.7583355191,5.73201167847,11.4694266631,1.15337693659,0.00112932963557,864,2,2,0.0393036740383,1.03831110629,6.1,12.7,1.12195135316,blank_sky_XRB_heRenorm,fixed_shape,fixed,0.7-7,,good,False,,done,done,"T_X=6.84 (ACCEPT=6.10, 1.12x) rstat=1.15; blank-sky XRB; 2/2 ObsIDs; CALDB fixed",output/products/spectral/RXJ2129_7_0005_results.json
RXJ2248.7-4431,RXJ2248_7_4431,RXJ2248.7-4431,0.3480,0.0165,12.45,294.6,1.4497,12.149296076,-0.477356367131,0.578765189055,0.3,0.0162081882716,78.3820883774,18.7023569929,19.2539187812,1.06449548465,0.171117958611,431,1,1,0.0471883193919,1.08866561896,11.1,71.5,1.09453117801,blank_sky_XRB_heRenorm,fixed_shape,fixed,0.7-7,,good,False,,done,done,"T_X=12.15 (ACCEPT=11.10, 1.09x); blank-sky XRB",output/products/spectral/RXJ2248_7_4431_results.json
ZwCl_0857.9+2107,ZwCl_0857_9_2107,ZwCl 0857.9+2107,0.2350,0.0165,7.985714,349.1,1.3038,4.67501829932,-0.12078956726,0.123290138965,0.3,0.00619779222428,10.6171721718,3.91178357726,6.42936333667,1.13010318364,0.00451508556772,864,2,2,0.106100254863,1.81136492971,12.1,0,0.386365148704,blank_sky_XRB_heRenorm,fixed_shape,fixed,0.7-7,,bad,True,"T_X=4.68 (ACCEPT=12.10, 0.39x) rstat=1.13; blank-sky XRB; 2/2 ObsIDs; ACCEPT reference is single ObsID 7897 9ks with Lbol=0 flag, likely reference/aperture mismatch; exclude from main scaling",bad,done,"T_X=4.68 (ACCEPT=12.10, 0.39x) rstat=1.13; blank-sky XRB; 2/2 ObsIDs; ACCEPT reference is single ObsID 7897 9ks with Lbol=0 flag, likely reference/aperture mismatch; exclude from main scaling",output/products/spectral/ZwCl_0857_9_2107_results.json
